{
  "kontrol_basari": 81.97238418418043,
  "enerji_verimlilik": 63.089915446483815,
  "sogutma_etkinlik": 100,
  "genel_skor": 79.91316672603536
}